"","logFC","logCPM","LR","PValue","FDR"
"27442",2.50036552427646,13.9852731902312,37.2946927811575,1.0156061306747e-09,2.03121226134941e-08
